{"count":1,"self":16.732532799999998,"total":16.8814301,"children":{"InitializeActuators":{"count":128,"self":0.0009999,"total":0.0009999,"children":null},"InitializeSensors":{"count":128,"self":0.0020001999999999997,"total":0.0020001999999999997,"children":null},"AgentSendState":{"count":613,"self":0.016546599999999998,"total":0.063856299999999991,"children":{"CollectObservations":{"count":7872,"self":0.029057299999999998,"total":0.029057299999999998,"children":null},"WriteActionMask":{"count":7872,"self":0.0030015999999999997,"total":0.0030015999999999997,"children":null},"RequestDecision":{"count":7872,"self":0.0152508,"total":0.0152508,"children":null}}},"DecideAction":{"count":613,"self":0.049937999999999996,"total":0.049937999999999996,"children":null},"AgentAct":{"count":613,"self":0.031105499999999998,"total":0.031105499999999998,"children":null}},"gauges":{"AirhockeyAgent.CumulativeReward":{"count":32,"max":243.29837,"min":-1653.22192,"runningAverage":-1139.704,"value":-1653.22192,"weightedAverage":-1381.3042}},"metadata":{"timer_format_version":"0.1.0","start_time_seconds":"1710602931","unity_version":"2021.3.25f1","command_line_arguments":"C:\\Users\\user\\Unity\\2021.3.25f1\\Editor\\Unity.exe -projectpath C:\\Users\\user\\Unity_projects\\builds\\robotics\\Exports\\Air Hockey -useHub -hubIPC -cloudEnvironment production -licensingIpc LicenseClient-user -hubSessionId 23c26f6a-92e7-4953-9333-4d15cfdb38fb -accessToken wd-QS6YKZowQjqkfeLBtnSSOzTRdDhLPkZLQ72pSJNw009f","communication_protocol_version":"1.5.0","com.unity.ml-agents_version":"2.0.1","scene_name":"Train","end_time_seconds":"1710602948"}}