{"cameraMode":{"drawMode":0,"name":"Shaded","section":"Shading Mode"},"sceneLighting":true,"audioPlay":false,"sceneViewState":{"m_AlwaysRefresh":false,"showFog":true,"showSkybox":true,"showFlares":true,"showImageEffects":true,"showParticleSystems":true,"showVisualEffectGraphs":true,"m_FxEnabled":true},"in2DMode":false,"pivot":{"x":-14.694150924682618,"y":4.152270317077637,"z":28.264543533325197},"rotation":{"x":-0.2120787650346756,"y":0.39581602811813357,"z":-0.09447898715734482,"w":-0.8884962797164917},"size":20.114423751831056,"orthographic":false}